id,first_name,last_name,email,gender,ip_address
1,Dimitri,Eversley,deversley0@google.ca,Male,143.8.225.163
2,Ginni,Caurah,gcaurah1@desdev.cn,Female,21.125.168.229
3,Nealy,Kemish,nkemish2@joomla.org,,31.111.252.151
4,Stearne,Ferrieres,sferrieres3@webmd.com,Male,54.186.156.73
5,,Cashin,,Bigender,165.35.72.249
6,Marie-ann,de Mendoza,mdemendoza5@google.es,Bigender,222.236.168.134
7,Ruthi,Baumford,rbaumford6@bbc.co.uk,,136.111.76.36
8,Timmy,Claricoates,tclaricoates7@amazon.co.jp,Male,199.45.79.28
9,Gayelord,Attreed,gattreed8@constantcontact.com,Male,111.113.136.127
10,Vasily,Rouby,vrouby9@about.com,Male,0.76.94.69
11,Annadiana,Heaney,aheaneya@examiner.com,Genderfluid,3.190.109.255
12,Jacki,Titcomb,jtitcombb@wikia.com,Female,159.197.78.122
13,Everard,Petrusch,epetruschc@jiathis.com,Male,255.147.200.65
14,Maridel,Oddy,moddyd@sbwire.com,Female,206.32.167.43
15,Vivianne,Dmitriev,vdmitrieve@youtu.be,Agender,201.152.174.117
16,Regan,Murty,rmurtyf@google.ca,,31.182.189.194
17,Gertrudis,Unworth,gunworthg@salon.com,Female,167.231.112.93
18,,Beaty,,,28.76.6.190
19,Claude,Haryngton,charyngtoni@ft.com,,166.151.125.117
20,Vernon,Tawn,vtawnj@wikipedia.org,Male,246.14.185.189
21,Vince,Bister,vbisterk@hao123.com,Male,218.29.62.199
22,,Uphill,,Female,59.141.253.229
23,Ban,Forcer,bforcerm@shutterfly.com,,225.195.44.4
24,Derry,Sail,dsailn@google.nl,,45.21.197.100
25,,Alliker,,,195.153.199.235
26,Herculie,Bray,hbrayp@chronoengine.com,,134.65.29.17
27,Leann,Giacoppo,lgiacoppoq@dion.ne.jp,Female,9.206.234.36
28,Ashia,Belton,abeltonr@scientificamerican.com,Female,232.90.95.37
29,,Dorber,,Male,56.204.210.151
30,Wrennie,Pitts,wpittst@hibu.com,Female,73.88.130.188
31,,Kezor,,,140.8.65.122
32,Bevan,Mainland,bmainlandv@symantec.com,Male,179.227.225.228
33,Nevil,Coenraets,ncoenraetsw@intel.com,Male,7.110.97.3
34,Joshia,Touson,jtousonx@yahoo.com,Male,73.247.83.137
35,,Bowley,,Female,175.105.13.249
36,Dex,Trase,dtrasez@sbwire.com,Male,98.132.18.151
37,Irvine,Tilly,itilly10@foxnews.com,Male,161.203.224.15
38,,Belson,,Female,200.112.64.71
39,Kiel,Jewers,kjewers12@twitter.com,Male,253.210.4.253
40,,Josephsen,,Male,219.135.25.134
41,Lorettalorna,Mallion,lmallion14@sitemeter.com,Female,133.75.155.173
42,Levey,Guiducci,lguiducci15@businessinsider.com,Male,222.249.133.138
43,Bibby,Highnam,bhighnam16@about.com,Female,41.21.213.198
44,Marchall,Savaage,msavaage17@psu.edu,Male,138.72.186.111
45,Lory,Girodias,lgirodias18@sina.com.cn,Female,112.99.233.124
46,Angele,Amy,aamy19@seattletimes.com,,124.196.83.15
47,Nina,Elsbury,nelsbury1a@wikia.com,Female,106.22.202.9
48,,Hrinishin,,Male,61.139.26.222
49,Tilda,Bennie,tbennie1c@arizona.edu,,32.244.197.167
50,Josiah,Merredy,jmerredy1d@marriott.com,Male,178.94.175.225
51,Maxy,Woodland,mwoodland1e@vimeo.com,Polygender,199.227.218.114
52,Brad,Bosman,bbosman1f@ovh.net,Male,130.94.35.177
53,Norry,Lynde,nlynde1g@quantcast.com,Male,129.241.111.221
54,,Mazonowicz,,Male,151.124.87.50
55,Mufi,Sterricker,msterricker1i@creativecommons.org,Non-binary,92.6.51.45
56,Sigmund,Duding,sduding1j@bravesites.com,,207.156.132.118
57,,Rishbrook,,Male,221.158.88.0
58,Pauly,Estevez,pestevez1l@deviantart.com,Female,159.130.217.68
59,Farica,Drissell,fdrissell1m@w3.org,Female,132.241.200.28
60,,Gatenby,,Female,239.208.46.223
61,Anett,Bolver,abolver1o@multiply.com,Female,251.28.105.71
62,Gottfried,Fortun,gfortun1p@irs.gov,,186.182.164.85
63,Aura,Ginity,aginity1q@nyu.edu,,53.54.100.244
64,Sena,Ellaman,sellaman1r@techcrunch.com,Genderqueer,5.105.28.236
65,,Ganderton,,Male,225.252.87.5
66,Port,Reilly,preilly1t@163.com,Male,228.153.208.112
67,Rasla,Marran,rmarran1u@imgur.com,Female,207.234.26.125
68,Clark,Dunklee,cdunklee1v@people.com.cn,Male,255.226.228.218
69,Austina,Yeskin,ayeskin1w@sakura.ne.jp,Female,201.43.114.124
70,Maximilien,Edmonson,medmonson1x@disqus.com,Male,164.104.0.2
71,Marilee,Blackburn,mblackburn1y@microsoft.com,,91.190.224.137
72,Skippie,Swindells,sswindells1z@bandcamp.com,Male,196.47.208.198
73,Melosa,Finlason,mfinlason20@google.co.uk,,225.254.11.229
74,Kimberli,Neave,kneave21@boston.com,Female,30.69.32.248
75,,Stitt,,Female,156.114.136.146
76,Ernestus,Ramirez,eramirez23@prweb.com,Polygender,102.195.226.70
77,Rudolf,Jachimiak,rjachimiak24@upenn.edu,Male,218.245.171.20
78,,Keaveney,,Female,93.116.239.76
79,Agnesse,Zanetello,azanetello26@usgs.gov,,101.39.77.230
80,Moore,Mattielli,mmattielli27@latimes.com,Non-binary,15.7.89.22
81,Milt,Martel,mmartel28@tuttocitta.it,Male,217.194.176.198
82,Zahara,Fell,zfell29@photobucket.com,,158.152.77.118
83,Aldric,Paris,aparis2a@miibeian.gov.cn,,164.105.24.34
84,,Lorand,,,66.60.112.202
85,Aigneis,A'field,aafield2c@parallels.com,Female,160.7.89.247
86,Brooke,Skellern,bskellern2d@t.co,Male,63.122.122.80
87,Kaspar,McPhilemy,kmcphilemy2e@zdnet.com,,6.135.11.129
88,Agatha,Bere,abere2f@census.gov,,83.80.158.200
89,Donovan,Pinch,dpinch2g@jugem.jp,Male,77.242.67.105
90,Meggie,Druitt,mdruitt2h@dmoz.org,Female,16.158.129.134
91,Emmye,Newlands,enewlands2i@zdnet.com,Female,106.65.158.13
92,Loise,Collick,lcollick2j@bbb.org,,237.147.222.75
93,,Roseburgh,,Male,9.128.244.158
94,Rachele,Cranstoun,rcranstoun2l@weebly.com,Female,57.153.65.86
95,Jeno,Torns,jtorns2m@newyorker.com,Male,222.43.236.171
96,Kassi,Adamovicz,kadamovicz2n@chronoengine.com,,54.60.170.106
97,Gisela,Buller,gbuller2o@washingtonpost.com,Female,146.48.154.249
98,Arlinda,Raithbie,araithbie2p@twitpic.com,,46.23.218.148
99,Arleta,Sadler,asadler2q@rakuten.co.jp,,24.220.252.143
100,,McCaughren,,Bigender,74.14.252.188
